public_id,title
"8f8763c61f4c","RollerCoaster Tycoon: Deluxe"
"8f8763c61f4c","RollerCoaster Tycoon 2: Triple Thrill Pack"
"8f8763c61f4c","Rollercoaster Tycoon 3: Platinum!"
"024e364a7d5e","Anomaly 2"
"b5f9914a8e09","Botanicula"
"b5f9914a8e09","System Shock™ 2"
"77106f085583","The Walking Dead: 400 Days"
"77106f085583","The Walking Dead: Season 1"
"77106f085583","The Walking Dead: Season 2"
"a62a97a2f85a","The Walking Dead: 400 Days"
"a62a97a2f85a","The Walking Dead: Season 1"
"a62a97a2f85a","The Walking Dead: Season 2"
"929a492c8afc","Divine Divinity"
"38490d51a4bc","Sam & Max Beyond Time and Space"
"38490d51a4bc","Sam & Max Save the World"
"38490d51a4bc","Sam & Max: The Devil’s Playhouse"
"ce22fa54355b","Sam & Max Beyond Time and Space"
"ce22fa54355b","Sam & Max Save the World"
"ce22fa54355b","Sam & Max: The Devil’s Playhouse"
"ce22fa54355b","Rayman Origins"
"6ca8bc725a21","Dungeon Keeper™ 2"
"6ca8bc725a21","Sam & Max Hit the Road"
"ee4fa9f3dfaf","Blackguards Special Edition"
"7a2d2e77c6b4","Aquaria"
"7a2d2e77c6b4","Quake III: Gold"
"91d725c07f11","To The Moon"
"91d725c07f11","FTL: Advanced Edition"
"91d725c07f11","Surgeon Simulator 2013"
"91d725c07f11","Xenonauts"
"d425cf73fdba","Door Kickers"
"e4458801b471","TIS-100"
"69b849cd8a6c","Stronghold Crusader HD"
"8a0024f293b6","Crysis®"
"8a0024f293b6","Dragon Age™: Origins - Ultimate Edition"
"5e7e2c445275","The Witcher: Enhanced Edition"
"5e7e2c445275","Divinity 2: Developer's Cut"
"5e7e2c445275","LEGO Batman: The Videogame"
"5e7e2c445275","LEGO Harry Potter: Years 1-4"
"5e7e2c445275","Feist"
"5e7e2c445275","Undertale"
"780051ac9bba","Unreal Tournament 2004 Editor's Choice Edition"
"780051ac9bba","The Witcher: Enhanced Edition"
"780051ac9bba","Divinity 2: Developer's Cut"
"780051ac9bba","LEGO Batman: The Videogame"
"780051ac9bba","LEGO Harry Potter: Years 1-4"
"780051ac9bba","Feist"
"780051ac9bba","Undertale"
"3d731e22aa54","Expeditions: Conquistador"
"85a4b357dcdd","Dex"
"797a474da073","Victor Vran"
"4708510457d9","The Witcher 2: Assassins Of Kings - Enhanced Edition"
"4708510457d9","Metro 2033 Redux"
"4708510457d9","Starbound"
"1f4b1141cc93","STAR WARS™ Battlefront™ II (Classic, 2005)"
"8a6ea21f4c09","Shadowrun Returns"
"a58c227f2a97","VVVVVV"
"a8fe3468dd85","LIMBO"
"bebb642a494a","Art of Playing, The"
"a510ceb19718","Shadow Warrior Classic Redux"
"2672877a250b","Neverwinter Nights Diamond"
"af38ba5edc3a","DEFCON"
"bbac36afd2de","Far Cry®"
"bbac36afd2de","Serious Sam: The First Encounter"
"bbac36afd2de","Rayman 2: The Great Escape"
"bbac36afd2de","Rayman 3: Hoodlum Havoc"
"bbac36afd2de","Startopia"
"bbac36afd2de","Hitman 3: Contracts"
"bbac36afd2de","Risen"
"bbac36afd2de","Indiana Jones® and the Emperor's Tomb™"
"d5f400241123","Far Cry®"
"d5f400241123","Serious Sam: The First Encounter"
"d5f400241123","Rayman 2: The Great Escape"
"d5f400241123","Rayman 3: Hoodlum Havoc"
"d5f400241123","Startopia"
"d5f400241123","Hitman 3: Contracts"
"d5f400241123","Risen"
"d5f400241123","Indiana Jones® and the Emperor's Tomb™"
"e0ee432f25fe","Brothers: A Tale of Two Sons"
"e0ee432f25fe","Far Cry®"
"e0ee432f25fe","Rayman 3: Hoodlum Havoc"
"e0ee432f25fe","Gothic 3"
"e0ee432f25fe","Hitman 3: Contracts"
"e0ee432f25fe","Risen"
"eae821a8ebc8","Shadowrun: Dragonfall - Director's Cut"
"e97974784e3b","Shelter 2"
"e97974784e3b","Shelter 2: Mountains"
"45aed8c45ec6","CAYNE"
"60f9534c3edb","Syberia"
"27976fb66df2","Deus Ex™ GOTY Edition"
"27976fb66df2","Theme Hospital"
"27976fb66df2","HuniePop"
"27976fb66df2","Broforce"
"9a3329753a24","HuniePop - Deluxe Edition Upgrade"
"c4bc7d77d736","Saints Row 2"
"4fc96c9fad29","Saints Row: The Third - The Full Package"
"4fc96c9fad29","Saints Row: Gat out of Hell"
"4fc96c9fad29","Saints Row IV: Game of the Century Edition"
"55f3a2119290","Star Wars™: Jedi Knight™ - Jedi Academy™"
"838d7d972699","Sang-Froid: Tales of Werewolves"
"de57d43a9efe","Mount & Blade"
"3656d0c67d2b","Shadow Warrior Classic Complete"
"ed3c9566eb78","Orwell Original Soundtrack"
"ed3c9566eb78","Orwell Deluxe Edition"
"ed3c9566eb78","Orwell"
"0981a3978ab5","Orwell Original Soundtrack"
"0981a3978ab5","Torment: Tides of Numenera - Immortal Edition"
"0981a3978ab5","Torment: Tides of Numenera - Immortal Edition Upgrade"
"0981a3978ab5","Torment: Tides of Numenera"
"0981a3978ab5","Orwell Deluxe Edition"
"0981a3978ab5","Orwell"
"16e35523ef10","Orwell Original Soundtrack"
"16e35523ef10","Quake: The Offering"
"16e35523ef10","Quake III: Gold"
"16e35523ef10","Quake II: Quad Damage"
"16e35523ef10","Torment: Tides of Numenera - Immortal Edition"
"16e35523ef10","Torment: Tides of Numenera - Immortal Edition Upgrade"
"16e35523ef10","Torment: Tides of Numenera"
"16e35523ef10","Orwell Deluxe Edition"
"16e35523ef10","Orwell"
"dd41b5b995da","Orwell Original Soundtrack"
"dd41b5b995da","Torment: Tides of Numenera - Legacy Edition Upgrade"
"dd41b5b995da","Torment: Tides of Numenera - Immortal Edition"
"dd41b5b995da","Torment: Tides of Numenera - Immortal Edition Upgrade"
"dd41b5b995da","Torment: Tides of Numenera - Legacy Edition"
"dd41b5b995da","Torment: Tides of Numenera"
"dd41b5b995da","Orwell Deluxe Edition"
"dd41b5b995da","Orwell"
"5103d1cd96a4","Elder Scrolls III: Morrowind GOTY Edition, The"
"6e6b18ee59eb","Darwinia"
"6e6b18ee59eb","Deponia"
"6e6b18ee59eb","La-Mulana"
"6e6b18ee59eb","Evoland"
"6e6b18ee59eb","Reus"
"6e6b18ee59eb","Unepic"
"6e6b18ee59eb","Brutal Legend"
"6e6b18ee59eb","Democracy 3"
"6e6b18ee59eb","Sir, You Are Being Hunted"
"6e6b18ee59eb","AI War: Fleet Command"
"6e6b18ee59eb","X2: The Threat"
"1e83150cdc06","Dungeon Keeper Gold™"
"1e83150cdc06","FlatOut 2"
"1e83150cdc06","Red Faction"
"1e83150cdc06","BlazBlue Calamity Trigger"
"1e83150cdc06","Airline Tycoon Deluxe"
"1e83150cdc06","DOOM II + Final DOOM"
"1e83150cdc06","Ultimate DOOM, The"
"1e83150cdc06","Quake: The Offering"
"1e83150cdc06","A Boy and His Blob"
"1e83150cdc06","Mirror's Edge™"
"1e83150cdc06","SPORE™ Collection"
"6bc4d5755083","Dungeon Keeper Gold™"
"6bc4d5755083","FlatOut 2"
"6bc4d5755083","Red Faction"
"6bc4d5755083","BlazBlue Calamity Trigger"
"6bc4d5755083","Airline Tycoon Deluxe"
"6bc4d5755083","DOOM II + Final DOOM"
"6bc4d5755083","Ultimate DOOM, The"
"6bc4d5755083","Quake: The Offering"
"6bc4d5755083","Quake II: Quad Damage"
"6bc4d5755083","A Boy and His Blob"
"6bc4d5755083","Mirror's Edge™"
"6bc4d5755083","SPORE™ Collection"
"4670fac19d58","Rebel Galaxy"
"d7924d2da25f","Alan Wake's American Nightmare"
"9b2297086c7b","FlatOut"
"9b2297086c7b","Giana Sisters: Twisted Dreams"
"9b2297086c7b","Giana Sisters: Rise of the Owlverlord"
"9b2297086c7b","Darksiders Warmastered Edition"
"9b2297086c7b","Crysis Warhead®"
"95ee1a143528","Elder Scrolls IV: Oblivion - Game of the Year Edition Deluxe, The"
"ab1817d3590a","Fantasy General"
"d09a3aed9760","Botanicula Soundtrack + Art Book"
"b3fd39e9f233","Jotun: Valhalla Edition"
"9596741cbfa7","Freespace 2"
"eea99902bce2","Impossible Creatures"
"b70279553e69","Deadlight: Director's Cut"
"3ecf494c475e","Titan Quest Anniversary Edition"
"3ecf494c475e","Piñata"
"3ecf494c475e","Piñata"
"cdc4c6ce64e9","Risen 3: Titan Lords"
"1523c4421b3e","Her Story"
"c328aa91dc88","Piñata"
"7200aaaaa47c","Kyn"
"c4033e7ed628","Piñata"
"d927bdf92118","Seven Kingdoms 2 HD"
"740ac19f3556","Piñata"
"5d01032911da","Little Big Adventure 2 (Twinsen's Odyssey)"
"74a18256af22","Piñata"
"87b133c2eb38","Day of the Tentacle Remastered"
"1f035f58c825","Piñata"
"1f035f58c825","Piñata"
"d624cdf8e983","Heroes of Might and Magic® 3: Complete"
"031922c5dcc3","Pilot Brothers 2"
"2993a56bf87b","Piñata"
"4123f2e19e36","Krush Kill 'N Destroy Xtreme"
"c6af4dbfd58c","Piñata"
"7a658ed7620c","S.T.A.L.K.E.R.: Call of Pripyat"
"29b3e360a02b","Piñata"
"dd69620d75ac","Last Tinker™: City of Colors, The"
"7c39cbb58d63","Piñata"
"7c39cbb58d63","Piñata"
"351ea781f905","Heroes of Might and Magic® 4: Complete"
"c66ce0e94148","Elven Legacy Collection"
"b473791d3508","Piñata"
"b473791d3508","Piñata"
"b5bf1dae6676","The Whispered World: Special Edition"
"69204f86fe30","Depths of Peril"
"2ba51e5fa67a","Wolfenstein 3D + Spear of Destiny "
"2ba51e5fa67a","Return to Castle Wolfenstein"
"43693ce597dc","Quake 4"
"4f535022d7a7","Eschalon: Book I"
"44cdf61e7010","Sudden Strike 3"
"252807598019","Megabyte Punch"
"6d7629efdfb8","Oddworld: Abe's Oddysee"
"801f13f7b005","Stories: The Path of Destinies"
"463260850409","This War of Mine: Soundtrack Edition"
"d4e31c9152c3","We are the Dwarves"
"37e5998b051c","STAR WARS™ Republic Commando"
"37e5998b051c","Afterlife"
"d19b3adc06ca","Aliens versus Predator Classic 2000"
"7f33305d0372","Torchlight II"
"84c867e0ad0e","Sacred 2 Gold"
"79a92ca4ce8c","GWENT: The Witcher Card Game"
"120007b51b57","Stronghold HD + A.D. 2044"
"8660838cec36","Sunless Sea"
"8660838cec36","Hand of Fate"
"e8389056a54e","The Vanishing of Ethan Carter"
"e8389056a54e","Dead Space™"
"b9a806574888","MDK"
"70dba75a2750","Prince of Persia®: The Sands of Time"
"70dba75a2750","Hyperdimension Neptunia Re;Birth1"
"196b09d8ab5b","Outlast"
"ee87a6e5fd47","Grim Fandango Remastered"
"d1c55c1898c8","Nations Gold Edition, The "
"d1c55c1898c8","The Saboteur™"
"d1c55c1898c8","Not a Hero"
"d1c55c1898c8","Legend of Kay: Anniversary"
"0903b0063670","Star"
"0903b0063670","Star"
"39105b62827c","Perception"
"9d50b7f61cd8","O.R.B.: Off-World Resource Base"
"f7364550f105","Nations Gold Edition, The "
"3ef1f06334c8","Hard West"
"79561936b9d7","Secret of Monkey Island™: Special Edition, The"
"fabb827014f5","Star"
"fabb827014f5","Star"
"14d6243a2ea2","Star"
"14d6243a2ea2","Star"
"22d5c35d47fe","American McGee's Grimm"
"2a6dc84c54f2","Bad Mojo Redux "
"3e5b0b807627","Surgeon Simulator"
"2e0ab869b131","Oxenfree"
"99a81432aabd","Carmageddon Max Pack"
"99a81432aabd","Terminal Velocity"
"99a81432aabd","Epic Pinball: The Complete Collection"
"403194f9b792","Carmageddon Max Pack"
"403194f9b792","Terminal Velocity"
"403194f9b792","Epic Pinball: The Complete Collection"
"403194f9b792","Star"
"403194f9b792","Star"
"ec1db5a69404","Man O' War: Corsair - Warhammer Naval Battles"
"1e970033302d","Prison Architect"
"76942826acc1","Master of Orion"
"262ebd0075ce","Star"
"262ebd0075ce","Star"
"e656fb9c47df","Thimbleweed Park"
"934d573339b3","Age of Wonders 3"
"12df464b9243","Delta Force"
"12df464b9243","Tom Clancy's Ghost Recon®"
"12df464b9243","Tom Clancy's Rainbow Six®"
"12df464b9243","Tom Clancy's Splinter Cell®"
"12df464b9243","Deus Ex 2: Invisible War"
"032ea38e13f6","Star"
"032ea38e13f6","Star"
"2a6664d0d8cc","A Fistful of Gun"
"f5d7bfa70a7c","Strategic Command: European Theater"
"da75dff771b8","Tomb Raider 1+2+3"
"0f688d91dad9","Mortal Kombat 1+2+3"
"d1eb6c2d7bfd","Carmageddon TDR 2000"
"e47f9e97df27","THE KING OF FIGHTERS 2002"
"80a24000032b","AI War Collection"
"80a24000032b","Tropico 4 "
"b41286c74455","Far Cry® 2: Fortune's Edition"
"b41286c74455","Hatoful Boyfriend"
"b41286c74455","Okhlos: Omega"
"b41286c74455","Hyperdimension Neptunia Re;Birth1 - DLC pack"
"00960b2b4637","Hyperdimension Neptunia Re;Birth2: Sisters Generation - DLC Pack"
"00960b2b4637","Hyperdimension Neptunia Re;Birth2: Sisters Generation"
"0b8a28967679","Hyperdimension Neptunia Re;Birth3 V Generation - DLC Pack"
"0b8a28967679","Hyperdimension Neptunia Re;Birth3 V Generation"
"b343993e56a7","Dungeons 2"
"41b5272bd64c","Warhammer 40,000: Armageddon - Da Orks"
"35a1094fcb60","Mystery Game"
"35a1094fcb60","Mystery Game"
"5b716f8acefd","Evolva"
"0f9bed86e687","Battle Chess Special Edition"
"5f7a347157f8","Mystery Game"
"5f7a347157f8","Mystery Game"
"80d2f2f4f708","Dragon Wars"
"dc57194ea17a","Earthworm Jim 1+2: The Whole Can 'O Worms"
"6abd1dc3571d","Gurumin: A Monstrous Adventure"
"6a42df4f9890","Mafia"
"9839584fb5b9","Fahrenheit (Indigo Prophecy)"
"894e6b55885d","The Longest Journey"
"894e6b55885d","Dreamfall: The Longest Journey"
"894e6b55885d","The Witcher Adventure Game"
"faff9680fb0c","Momodora: Reverie Under the Moonlight"
"70c977398626","Unreal Gold"
"62d148fe8536","Sunrider: Mask of Arcadius"
"1d523d62b7ec","Stardew Valley"
"4db5266e02d5","Unreal 2: The Awakening Special Edition"
"4db5266e02d5","Unreal Tournament GOTY"
"186fd11ef023","Heroes of Hammerwatch"
"74bc3c11be9d","Psychonauts"
"74bc3c11be9d","Legend of Grimrock"
"74bc3c11be9d","Hotline Miami 2: Wrong Number"
"49b9dfda778e","Xenonauts"
"5f108c97daba","Beyond Good & Evil™"
"5f108c97daba","Driver®: Parallel Lines"
"5f108c97daba","Rayman® Forever"
"5f108c97daba","Locomotion, Chris Sawyer's"
"5f108c97daba","Still Life 2"
"5f108c97daba","Dust: An Elysian Tail"
"5f108c97daba","Fallout 3: Game of the Year Edition"
"5f108c97daba","Fallout: New Vegas Ultimate Edition"
"5f108c97daba","SWAT 4: Gold Edition"
"5f108c97daba","Bastion"
"5f108c97daba","Trine 3: The Artifacts of Power"
"5f108c97daba","Tales from the Borderlands"
"5f108c97daba","Divinity: Original Sin - Enhanced Edition"
"5f108c97daba","X Rebirth: Home of Light Complete Edition"
"5f108c97daba","EVERSPACE™"
"820da8bc93a1","Beyond Good & Evil™"
"820da8bc93a1","Driver®: Parallel Lines"
"820da8bc93a1","Rayman® Forever"
"820da8bc93a1","Locomotion, Chris Sawyer's"
"820da8bc93a1","Still Life 2"
"820da8bc93a1","Dust: An Elysian Tail"
"820da8bc93a1","Fallout 3: Game of the Year Edition"
"820da8bc93a1","Fallout: New Vegas Ultimate Edition"
"820da8bc93a1","SWAT 4: Gold Edition"
"820da8bc93a1","Bastion"
"820da8bc93a1","Trine 3: The Artifacts of Power"
"820da8bc93a1","Tales from the Borderlands"
"820da8bc93a1","Divinity: Original Sin - Enhanced Edition"
"820da8bc93a1","X Rebirth: Home of Light Complete Edition"
"820da8bc93a1","AER – Memories of Old"
"820da8bc93a1","EVERSPACE™"
"1931e2f9f98f","RiME"
"c720d99666d3","Rayman 2: The Great Escape"
"c720d99666d3","Settlers® 3: Ultimate Collection"
"c720d99666d3","Cultures: Northland + 8th Wonder of the World"
"c720d99666d3","Block'hood"
"c720d99666d3","Gnomoria"
"c720d99666d3","Tooth and Tail"
"c720d99666d3","Kingdoms and Castles"
"cb2f39caf30d","ArcaniA"
"e0171f20eff9","System Shock: Enhanced Edition"
"2a5446a3a0dd","Ziggurat"
"e8f96f17e559","Crypt of the NecroDancer"
"e8f96f17e559","Anno 1503 A.D."
"e8f96f17e559","Anno 1701 A.D."
"e8f96f17e559","Anno 1404: Gold Edition"
"b6cad26d28aa","Transistor"
"5ff3a82b92cb","Constructor Classic 1997"
"90eca4afc6fe","Asura"
"06722edbcbd9","Celestian Tales: Old North"
"06722edbcbd9","Higurashi When They Cry Hou - Ch.1 Onikakushi"
"9412d2e35905","F.E.A.R. Platinum"
"8aafa6e09808","A Bird Story"
